{
  "CodeKitInfo" : "This is a CodeKit project configuration file. It is designed to sync project settings across multiple machines. Modifying the contents of this file can be a poor life decision if you don't know what you're doing. This file is not useful unless accompanied by the project that created it in CodeKit. For more information, see: http:\/\/incident57.com\/codekit",
  "creatorBuild" : "8326",
  "files" : {
    "\/assets\/js\/vendor\/modernizr-2.6.2.min.js" : {
      "ignoreWasSetByUser" : 1,
      "ignore" : 1,
      "hidden" : 0,
      "outputPathIsSetByUser" : 0,
      "inputAbbreviatedPath" : "\/assets\/js\/vendor\/modernizr-2.6.2.min.js",
      "outputStyle" : 1,
      "syntaxCheckerStyle" : 1,
      "outputAbbreviatedPath" : "\/assets\/assets\/js\/modernizr-2.6.2.min.min.js",
      "fileType" : 64
    },
    "\/assets\/images\/icon-services-mobile.png" : {
      "ignoreWasSetByUser" : 0,
      "ignore" : 0,
      "hidden" : 0,
      "outputPathIsSetByUser" : 0,
      "inputAbbreviatedPath" : "\/assets\/images\/icon-services-mobile.png",
      "processed" : 0,
      "outputAbbreviatedPath" : "\/assets\/images\/icon-services-mobile.png",
      "initialSize" : 1322,
      "fileType" : 8192
    },
    "\/assets\/js\/vendor\/jquery-1.10.2.min.js" : {
      "ignoreWasSetByUser" : 1,
      "ignore" : 1,
      "hidden" : 0,
      "outputPathIsSetByUser" : 0,
      "inputAbbreviatedPath" : "\/assets\/js\/vendor\/jquery-1.10.2.min.js",
      "outputStyle" : 1,
      "syntaxCheckerStyle" : 1,
      "outputAbbreviatedPath" : "\/assets\/assets\/js\/jquery-1.10.2.min.min.js",
      "fileType" : 64
    },
    "\/_assets\/sass\/core\/helpers\/_effects.scss" : {
      "ignoreWasSetByUser" : 0,
      "ignore" : 1,
      "hidden" : 0,
      "outputPathIsSetByUser" : 0,
      "inputAbbreviatedPath" : "\/_assets\/sass\/core\/helpers\/_effects.scss",
      "outputStyle" : 0,
      "shouldRunBless" : 0,
      "outputAbbreviatedPath" : "\/_assets\/sass\/assets\/css\/_effects.css",
      "fileType" : 4,
      "debugStyle" : 0
    },
    "\/_assets\/sass\/core\/_content.scss" : {
      "ignoreWasSetByUser" : 0,
      "ignore" : 1,
      "hidden" : 0,
      "outputPathIsSetByUser" : 0,
      "inputAbbreviatedPath" : "\/_assets\/sass\/core\/_content.scss",
      "outputStyle" : 0,
      "shouldRunBless" : 0,
      "outputAbbreviatedPath" : "\/_assets\/assets\/css\/_content.css",
      "fileType" : 4,
      "debugStyle" : 0
    },
    "\/_assets\/sass\/vendor\/_flexslider.scss" : {
      "ignoreWasSetByUser" : 0,
      "ignore" : 1,
      "hidden" : 0,
      "outputPathIsSetByUser" : 0,
      "inputAbbreviatedPath" : "\/_assets\/sass\/vendor\/_flexslider.scss",
      "outputStyle" : 0,
      "shouldRunBless" : 0,
      "outputAbbreviatedPath" : "\/_assets\/assets\/css\/_flexslider.css",
      "fileType" : 4,
      "debugStyle" : 0
    },
    "\/_assets\/js\/app.js" : {
      "ignoreWasSetByUser" : 0,
      "ignore" : 0,
      "hidden" : 0,
      "outputPathIsSetByUser" : 0,
      "inputAbbreviatedPath" : "\/_assets\/js\/app.js",
      "outputStyle" : 1,
      "syntaxCheckerStyle" : 0,
      "outputAbbreviatedPath" : "\/assets\/js\/app.min.js",
      "fileType" : 64
    },
    "\/index.html" : {
      "ignoreWasSetByUser" : 0,
      "ignore" : 0,
      "hidden" : 0,
      "outputPathIsSetByUser" : 0,
      "inputAbbreviatedPath" : "\/index.html",
      "outputAbbreviatedPath" : "No Output Path",
      "fileType" : 2048
    },
    "\/assets\/images\/logo-engage--icon-rev.png" : {
      "ignoreWasSetByUser" : 0,
      "ignore" : 0,
      "hidden" : 0,
      "outputPathIsSetByUser" : 0,
      "inputAbbreviatedPath" : "\/assets\/images\/logo-engage--icon-rev.png",
      "processed" : 0,
      "outputAbbreviatedPath" : "\/assets\/images\/logo-engage--icon-rev.png",
      "initialSize" : 1525,
      "fileType" : 8192
    },
    "\/assets\/js\/app.min.js" : {
      "ignoreWasSetByUser" : 0,
      "ignore" : 1,
      "hidden" : 0,
      "outputPathIsSetByUser" : 0,
      "inputAbbreviatedPath" : "\/assets\/js\/app.min.js",
      "outputStyle" : 1,
      "syntaxCheckerStyle" : 1,
      "outputAbbreviatedPath" : "\/assets\/js\/app.min.min.js",
      "fileType" : 64
    },
    "\/_assets\/sass\/app.scss" : {
      "ignoreWasSetByUser" : 0,
      "ignore" : 0,
      "hidden" : 0,
      "outputPathIsSetByUser" : 0,
      "inputAbbreviatedPath" : "\/_assets\/sass\/app.scss",
      "outputStyle" : 0,
      "shouldRunBless" : 0,
      "outputAbbreviatedPath" : "\/assets\/css\/app.css",
      "fileType" : 4,
      "debugStyle" : 0
    },
    "\/assets\/images\/carousel-nav-defenders.png" : {
      "ignoreWasSetByUser" : 0,
      "ignore" : 0,
      "hidden" : 0,
      "outputPathIsSetByUser" : 0,
      "inputAbbreviatedPath" : "\/assets\/images\/carousel-nav-defenders.png",
      "processed" : 0,
      "outputAbbreviatedPath" : "\/assets\/images\/carousel-nav-defenders.png",
      "initialSize" : 11243,
      "fileType" : 8192
    },
    "\/assets\/images\/carousel-nav-wwf.png" : {
      "ignoreWasSetByUser" : 0,
      "ignore" : 0,
      "hidden" : 0,
      "outputPathIsSetByUser" : 0,
      "inputAbbreviatedPath" : "\/assets\/images\/carousel-nav-wwf.png",
      "processed" : 0,
      "outputAbbreviatedPath" : "\/assets\/images\/carousel-nav-wwf.png",
      "initialSize" : 3311,
      "fileType" : 8192
    },
    "\/_assets\/sass\/core\/_html5bp.scss" : {
      "ignoreWasSetByUser" : 0,
      "ignore" : 1,
      "hidden" : 0,
      "outputPathIsSetByUser" : 0,
      "inputAbbreviatedPath" : "\/_assets\/sass\/core\/_html5bp.scss",
      "outputStyle" : 0,
      "shouldRunBless" : 0,
      "outputAbbreviatedPath" : "\/_assets\/assets\/css\/_html5bp.css",
      "fileType" : 4,
      "debugStyle" : 0
    },
    "\/assets\/images\/icon-services-web.png" : {
      "ignoreWasSetByUser" : 0,
      "ignore" : 0,
      "hidden" : 0,
      "outputPathIsSetByUser" : 0,
      "inputAbbreviatedPath" : "\/assets\/images\/icon-services-web.png",
      "processed" : 0,
      "outputAbbreviatedPath" : "\/assets\/images\/icon-services-web.png",
      "initialSize" : 2031,
      "fileType" : 8192
    },
    "\/_assets\/sass\/core\/helpers\/_rem.scss" : {
      "ignoreWasSetByUser" : 0,
      "ignore" : 1,
      "hidden" : 0,
      "outputPathIsSetByUser" : 0,
      "inputAbbreviatedPath" : "\/_assets\/sass\/core\/helpers\/_rem.scss",
      "outputStyle" : 0,
      "shouldRunBless" : 0,
      "outputAbbreviatedPath" : "\/_assets\/sass\/assets\/css\/_rem.css",
      "fileType" : 4,
      "debugStyle" : 0
    },
    "\/_assets\/sass\/_neat-settings.scss" : {
      "ignoreWasSetByUser" : 0,
      "ignore" : 1,
      "hidden" : 0,
      "outputPathIsSetByUser" : 0,
      "inputAbbreviatedPath" : "\/_assets\/sass\/_neat-settings.scss",
      "outputStyle" : 0,
      "shouldRunBless" : 0,
      "outputAbbreviatedPath" : "\/assets\/css\/_neat-settings.css",
      "fileType" : 4,
      "debugStyle" : 0
    },
    "\/assets\/images\/icon-social-github.png" : {
      "ignoreWasSetByUser" : 0,
      "ignore" : 0,
      "hidden" : 0,
      "outputPathIsSetByUser" : 0,
      "inputAbbreviatedPath" : "\/assets\/images\/icon-social-github.png",
      "processed" : 0,
      "outputAbbreviatedPath" : "\/assets\/images\/icon-social-github.png",
      "initialSize" : 727,
      "fileType" : 8192
    },
    "\/assets\/images\/logo-engage--full.png" : {
      "ignoreWasSetByUser" : 0,
      "ignore" : 0,
      "hidden" : 0,
      "outputPathIsSetByUser" : 0,
      "inputAbbreviatedPath" : "\/assets\/images\/logo-engage--full.png",
      "processed" : 0,
      "outputAbbreviatedPath" : "\/assets\/images\/logo-engage--full.png",
      "initialSize" : 5501,
      "fileType" : 8192
    },
    "\/_layouts\/default.html" : {
      "ignoreWasSetByUser" : 0,
      "ignore" : 0,
      "hidden" : 0,
      "outputPathIsSetByUser" : 0,
      "inputAbbreviatedPath" : "\/_layouts\/default.html",
      "outputAbbreviatedPath" : "No Output Path",
      "fileType" : 2048
    },
    "\/assets\/images\/icon-social-twitter.png" : {
      "ignoreWasSetByUser" : 0,
      "ignore" : 0,
      "hidden" : 0,
      "outputPathIsSetByUser" : 0,
      "inputAbbreviatedPath" : "\/assets\/images\/icon-social-twitter.png",
      "processed" : 0,
      "outputAbbreviatedPath" : "\/assets\/images\/icon-social-twitter.png",
      "initialSize" : 692,
      "fileType" : 8192
    },
    "\/assets\/images\/icon-services-donation.png" : {
      "ignoreWasSetByUser" : 0,
      "ignore" : 0,
      "hidden" : 0,
      "outputPathIsSetByUser" : 0,
      "inputAbbreviatedPath" : "\/assets\/images\/icon-services-donation.png",
      "processed" : 0,
      "outputAbbreviatedPath" : "\/assets\/images\/icon-services-donation.png",
      "initialSize" : 2198,
      "fileType" : 8192
    },
    "\/assets\/images\/carousel-nav-audubon.png" : {
      "ignoreWasSetByUser" : 0,
      "ignore" : 0,
      "hidden" : 0,
      "outputPathIsSetByUser" : 0,
      "inputAbbreviatedPath" : "\/assets\/images\/carousel-nav-audubon.png",
      "processed" : 0,
      "outputAbbreviatedPath" : "\/assets\/images\/carousel-nav-audubon.png",
      "initialSize" : 5763,
      "fileType" : 8192
    },
    "\/assets\/images\/icon-services-more.png" : {
      "ignoreWasSetByUser" : 0,
      "ignore" : 0,
      "hidden" : 0,
      "outputPathIsSetByUser" : 0,
      "inputAbbreviatedPath" : "\/assets\/images\/icon-services-more.png",
      "processed" : 0,
      "outputAbbreviatedPath" : "\/assets\/images\/icon-services-more.png",
      "initialSize" : 1638,
      "fileType" : 8192
    },
    "\/assets\/images\/icon-services-append.png" : {
      "ignoreWasSetByUser" : 0,
      "ignore" : 0,
      "hidden" : 0,
      "outputPathIsSetByUser" : 0,
      "inputAbbreviatedPath" : "\/assets\/images\/icon-services-append.png",
      "processed" : 0,
      "outputAbbreviatedPath" : "\/assets\/images\/icon-services-append.png",
      "initialSize" : 575,
      "fileType" : 8192
    },
    "\/assets\/images\/carousel-wolf-clear.jpg" : {
      "ignoreWasSetByUser" : 0,
      "ignore" : 0,
      "hidden" : 0,
      "outputPathIsSetByUser" : 0,
      "inputAbbreviatedPath" : "\/assets\/images\/carousel-wolf-clear.jpg",
      "processed" : 0,
      "outputAbbreviatedPath" : "\/assets\/images\/carousel-wolf-clear.jpg",
      "initialSize" : 313427,
      "fileType" : 4096
    },
    "\/assets\/images\/icon-clients.png" : {
      "ignoreWasSetByUser" : 0,
      "ignore" : 0,
      "hidden" : 0,
      "outputPathIsSetByUser" : 0,
      "inputAbbreviatedPath" : "\/assets\/images\/icon-clients.png",
      "processed" : 0,
      "outputAbbreviatedPath" : "\/assets\/images\/icon-clients.png",
      "initialSize" : 349,
      "fileType" : 8192
    },
    "\/assets\/js\/tooltipsy.min.js" : {
      "ignoreWasSetByUser" : 0,
      "ignore" : 1,
      "hidden" : 0,
      "outputPathIsSetByUser" : 0,
      "inputAbbreviatedPath" : "\/assets\/js\/tooltipsy.min.js",
      "outputStyle" : 1,
      "syntaxCheckerStyle" : 1,
      "outputAbbreviatedPath" : "\/assets\/js\/tooltipsy.min.min.js",
      "fileType" : 64
    },
    "\/_assets\/sass\/core\/helpers\/_html5bp.scss" : {
      "ignoreWasSetByUser" : 0,
      "ignore" : 1,
      "hidden" : 0,
      "outputPathIsSetByUser" : 0,
      "inputAbbreviatedPath" : "\/_assets\/sass\/core\/helpers\/_html5bp.scss",
      "outputStyle" : 0,
      "shouldRunBless" : 0,
      "outputAbbreviatedPath" : "\/_assets\/sass\/assets\/css\/_html5bp.css",
      "fileType" : 4,
      "debugStyle" : 0
    },
    "\/assets\/images\/icon-social-linkedin.png" : {
      "ignoreWasSetByUser" : 0,
      "ignore" : 0,
      "hidden" : 0,
      "outputPathIsSetByUser" : 0,
      "inputAbbreviatedPath" : "\/assets\/images\/icon-social-linkedin.png",
      "processed" : 0,
      "outputAbbreviatedPath" : "\/assets\/images\/icon-social-linkedin.png",
      "initialSize" : 638,
      "fileType" : 8192
    },
    "\/assets\/images\/logo-engage--full-small.png" : {
      "ignoreWasSetByUser" : 0,
      "ignore" : 0,
      "hidden" : 0,
      "outputPathIsSetByUser" : 0,
      "inputAbbreviatedPath" : "\/assets\/images\/logo-engage--full-small.png",
      "processed" : 0,
      "outputAbbreviatedPath" : "\/assets\/images\/logo-engage--full-small.png",
      "initialSize" : 1668,
      "fileType" : 8192
    },
    "\/assets\/css\/app.css" : {
      "ignoreWasSetByUser" : 0,
      "ignore" : 1,
      "hidden" : 0,
      "outputPathIsSetByUser" : 0,
      "inputAbbreviatedPath" : "\/assets\/css\/app.css",
      "outputAbbreviatedPath" : "No Output Path",
      "fileType" : 16
    },
    "\/assets\/images\/carousel-nav-abd.png" : {
      "ignoreWasSetByUser" : 0,
      "ignore" : 0,
      "hidden" : 0,
      "outputPathIsSetByUser" : 0,
      "inputAbbreviatedPath" : "\/assets\/images\/carousel-nav-abd.png",
      "processed" : 0,
      "outputAbbreviatedPath" : "\/assets\/images\/carousel-nav-abd.png",
      "initialSize" : 3112,
      "fileType" : 8192
    },
    "\/assets\/images\/carousel-nav-nwa.png" : {
      "ignoreWasSetByUser" : 0,
      "ignore" : 0,
      "hidden" : 0,
      "outputPathIsSetByUser" : 0,
      "inputAbbreviatedPath" : "\/assets\/images\/carousel-nav-nwa.png",
      "processed" : 0,
      "outputAbbreviatedPath" : "\/assets\/images\/carousel-nav-nwa.png",
      "initialSize" : 10209,
      "fileType" : 8192
    },
    "\/_assets\/sass\/core\/_base.scss" : {
      "ignoreWasSetByUser" : 0,
      "ignore" : 1,
      "hidden" : 0,
      "outputPathIsSetByUser" : 0,
      "inputAbbreviatedPath" : "\/_assets\/sass\/core\/_base.scss",
      "outputStyle" : 0,
      "shouldRunBless" : 0,
      "outputAbbreviatedPath" : "\/_assets\/assets\/css\/_base.css",
      "fileType" : 4,
      "debugStyle" : 0
    },
    "\/_assets\/sass\/core\/helpers\/_layout.scss" : {
      "ignoreWasSetByUser" : 0,
      "ignore" : 1,
      "hidden" : 0,
      "outputPathIsSetByUser" : 0,
      "inputAbbreviatedPath" : "\/_assets\/sass\/core\/helpers\/_layout.scss",
      "outputStyle" : 0,
      "shouldRunBless" : 0,
      "outputAbbreviatedPath" : "\/_assets\/sass\/assets\/css\/_layout.css",
      "fileType" : 4,
      "debugStyle" : 0
    },
    "\/_assets\/js\/plugins\/jquery.flexslider-min.js" : {
      "ignoreWasSetByUser" : 1,
      "ignore" : 1,
      "hidden" : 0,
      "outputPathIsSetByUser" : 0,
      "inputAbbreviatedPath" : "\/_assets\/js\/plugins\/jquery.flexslider-min.js",
      "outputStyle" : 1,
      "syntaxCheckerStyle" : 1,
      "outputAbbreviatedPath" : "\/_assets\/assets\/js\/jquery.flexslider-min.min.js",
      "fileType" : 64
    },
    "\/_assets\/sass\/core\/_settings.scss" : {
      "ignoreWasSetByUser" : 0,
      "ignore" : 1,
      "hidden" : 0,
      "outputPathIsSetByUser" : 0,
      "inputAbbreviatedPath" : "\/_assets\/sass\/core\/_settings.scss",
      "outputStyle" : 0,
      "shouldRunBless" : 0,
      "outputAbbreviatedPath" : "\/_assets\/assets\/css\/_settings.css",
      "fileType" : 4,
      "debugStyle" : 0
    },
    "\/_assets\/js\/plugins\/console.js" : {
      "ignoreWasSetByUser" : 0,
      "ignore" : 0,
      "hidden" : 0,
      "outputPathIsSetByUser" : 0,
      "inputAbbreviatedPath" : "\/_assets\/js\/plugins\/console.js",
      "outputStyle" : 1,
      "syntaxCheckerStyle" : 1,
      "outputAbbreviatedPath" : "\/_assets\/assets\/js\/console.min.js",
      "fileType" : 64
    },
    "\/assets\/images\/icon-social-fb.png" : {
      "ignoreWasSetByUser" : 0,
      "ignore" : 0,
      "hidden" : 0,
      "outputPathIsSetByUser" : 0,
      "inputAbbreviatedPath" : "\/assets\/images\/icon-social-fb.png",
      "processed" : 0,
      "outputAbbreviatedPath" : "\/assets\/images\/icon-social-fb.png",
      "initialSize" : 586,
      "fileType" : 8192
    },
    "\/_assets\/sass\/core\/base\/_syntax.scss" : {
      "ignoreWasSetByUser" : 0,
      "ignore" : 1,
      "hidden" : 0,
      "outputPathIsSetByUser" : 0,
      "inputAbbreviatedPath" : "\/_assets\/sass\/core\/base\/_syntax.scss",
      "outputStyle" : 0,
      "shouldRunBless" : 0,
      "outputAbbreviatedPath" : "\/_assets\/sass\/assets\/css\/_syntax.css",
      "fileType" : 4,
      "debugStyle" : 0
    },
    "\/_layouts\/post.html" : {
      "ignoreWasSetByUser" : 0,
      "ignore" : 0,
      "hidden" : 0,
      "outputPathIsSetByUser" : 0,
      "inputAbbreviatedPath" : "\/_layouts\/post.html",
      "outputAbbreviatedPath" : "No Output Path",
      "fileType" : 2048
    },
    "\/assets\/images\/icon-services-events.png" : {
      "ignoreWasSetByUser" : 0,
      "ignore" : 0,
      "hidden" : 0,
      "outputPathIsSetByUser" : 0,
      "inputAbbreviatedPath" : "\/assets\/images\/icon-services-events.png",
      "processed" : 0,
      "outputAbbreviatedPath" : "\/assets\/images\/icon-services-events.png",
      "initialSize" : 376,
      "fileType" : 8192
    },
    "\/assets\/images\/carousel-wolf-900x500-retina.jpg" : {
      "ignoreWasSetByUser" : 0,
      "ignore" : 0,
      "hidden" : 0,
      "outputPathIsSetByUser" : 0,
      "inputAbbreviatedPath" : "\/assets\/images\/carousel-wolf-900x500-retina.jpg",
      "processed" : 0,
      "outputAbbreviatedPath" : "\/assets\/images\/carousel-wolf-900x500-retina.jpg",
      "initialSize" : 212295,
      "fileType" : 4096
    },
    "\/apple-touch-icon-precomposed.png" : {
      "ignoreWasSetByUser" : 0,
      "ignore" : 0,
      "hidden" : 0,
      "outputPathIsSetByUser" : 0,
      "inputAbbreviatedPath" : "\/apple-touch-icon-precomposed.png",
      "processed" : 0,
      "outputAbbreviatedPath" : "\/apple-touch-icon-precomposed.png",
      "initialSize" : 1226,
      "fileType" : 8192
    },
    "\/assets\/images\/icon-menu.png" : {
      "ignoreWasSetByUser" : 0,
      "ignore" : 0,
      "hidden" : 0,
      "outputPathIsSetByUser" : 0,
      "inputAbbreviatedPath" : "\/assets\/images\/icon-menu.png",
      "processed" : 0,
      "outputAbbreviatedPath" : "\/assets\/images\/icon-menu.png",
      "initialSize" : 188,
      "fileType" : 8192
    },
    "\/assets\/images\/icon-services-advertising.png" : {
      "ignoreWasSetByUser" : 0,
      "ignore" : 0,
      "hidden" : 0,
      "outputPathIsSetByUser" : 0,
      "inputAbbreviatedPath" : "\/assets\/images\/icon-services-advertising.png",
      "processed" : 0,
      "outputAbbreviatedPath" : "\/assets\/images\/icon-services-advertising.png",
      "initialSize" : 600,
      "fileType" : 8192
    },
    "\/assets\/images\/icon-services-email.png" : {
      "ignoreWasSetByUser" : 0,
      "ignore" : 0,
      "hidden" : 0,
      "outputPathIsSetByUser" : 0,
      "inputAbbreviatedPath" : "\/assets\/images\/icon-services-email.png",
      "processed" : 0,
      "outputAbbreviatedPath" : "\/assets\/images\/icon-services-email.png",
      "initialSize" : 1904,
      "fileType" : 8192
    },
    "\/assets\/images\/carousel-wolf.jpg" : {
      "ignoreWasSetByUser" : 0,
      "ignore" : 0,
      "hidden" : 0,
      "outputPathIsSetByUser" : 0,
      "inputAbbreviatedPath" : "\/assets\/images\/carousel-wolf.jpg",
      "processed" : 0,
      "outputAbbreviatedPath" : "\/assets\/images\/carousel-wolf.jpg",
      "initialSize" : 314878,
      "fileType" : 4096
    },
    "\/_assets\/sass\/_modules.scss" : {
      "ignoreWasSetByUser" : 0,
      "ignore" : 1,
      "hidden" : 0,
      "outputPathIsSetByUser" : 0,
      "inputAbbreviatedPath" : "\/_assets\/sass\/_modules.scss",
      "outputStyle" : 0,
      "shouldRunBless" : 0,
      "outputAbbreviatedPath" : "\/assets\/css\/_modules.css",
      "fileType" : 4,
      "debugStyle" : 0
    },
    "\/_assets\/sass\/core\/_layout.scss" : {
      "ignoreWasSetByUser" : 0,
      "ignore" : 1,
      "hidden" : 0,
      "outputPathIsSetByUser" : 0,
      "inputAbbreviatedPath" : "\/_assets\/sass\/core\/_layout.scss",
      "outputStyle" : 0,
      "shouldRunBless" : 0,
      "outputAbbreviatedPath" : "\/_assets\/assets\/css\/_layout.css",
      "fileType" : 4,
      "debugStyle" : 0
    },
    "\/_assets\/js\/plugins\/jqwidont.min.js" : {
      "ignoreWasSetByUser" : 0,
      "ignore" : 0,
      "hidden" : 0,
      "outputPathIsSetByUser" : 0,
      "inputAbbreviatedPath" : "\/_assets\/js\/plugins\/jqwidont.min.js",
      "outputStyle" : 1,
      "syntaxCheckerStyle" : 1,
      "outputAbbreviatedPath" : "\/_assets\/assets\/js\/jqwidont.min.min.js",
      "fileType" : 64
    },
    "\/_assets\/js\/plugins\/tooltipsy.min.js" : {
      "ignoreWasSetByUser" : 0,
      "ignore" : 0,
      "hidden" : 0,
      "outputPathIsSetByUser" : 0,
      "inputAbbreviatedPath" : "\/_assets\/js\/plugins\/tooltipsy.min.js",
      "outputStyle" : 1,
      "syntaxCheckerStyle" : 1,
      "outputAbbreviatedPath" : "\/_assets\/assets\/js\/tooltipsy.min.min.js",
      "fileType" : 64
    },
    "\/_assets\/sass\/core\/base\/_print.scss" : {
      "ignoreWasSetByUser" : 0,
      "ignore" : 1,
      "hidden" : 0,
      "outputPathIsSetByUser" : 0,
      "inputAbbreviatedPath" : "\/_assets\/sass\/core\/base\/_print.scss",
      "outputStyle" : 0,
      "shouldRunBless" : 0,
      "outputAbbreviatedPath" : "\/_assets\/sass\/assets\/css\/_print.css",
      "fileType" : 4,
      "debugStyle" : 0
    },
    "\/_assets\/sass\/core\/_normalize.scss" : {
      "ignoreWasSetByUser" : 0,
      "ignore" : 1,
      "hidden" : 0,
      "outputPathIsSetByUser" : 0,
      "inputAbbreviatedPath" : "\/_assets\/sass\/core\/_normalize.scss",
      "outputStyle" : 0,
      "shouldRunBless" : 0,
      "outputAbbreviatedPath" : "\/_assets\/assets\/css\/_normalize.css",
      "fileType" : 4,
      "debugStyle" : 0
    },
    "\/assets\/images\/icon-services-social.png" : {
      "ignoreWasSetByUser" : 0,
      "ignore" : 0,
      "hidden" : 0,
      "outputPathIsSetByUser" : 0,
      "inputAbbreviatedPath" : "\/assets\/images\/icon-services-social.png",
      "processed" : 0,
      "outputAbbreviatedPath" : "\/assets\/images\/icon-services-social.png",
      "initialSize" : 618,
      "fileType" : 8192
    },
    "\/assets\/images\/carousel-tiger.jpg" : {
      "ignoreWasSetByUser" : 0,
      "ignore" : 0,
      "hidden" : 0,
      "outputPathIsSetByUser" : 0,
      "inputAbbreviatedPath" : "\/assets\/images\/carousel-tiger.jpg",
      "processed" : 0,
      "outputAbbreviatedPath" : "\/assets\/images\/carousel-tiger.jpg",
      "initialSize" : 278831,
      "fileType" : 4096
    },
    "\/assets\/images\/logo-engage--full-bw.png" : {
      "ignoreWasSetByUser" : 0,
      "ignore" : 0,
      "hidden" : 0,
      "outputPathIsSetByUser" : 0,
      "inputAbbreviatedPath" : "\/assets\/images\/logo-engage--full-bw.png",
      "processed" : 0,
      "outputAbbreviatedPath" : "\/assets\/images\/logo-engage--full-bw.png",
      "initialSize" : 2794,
      "fileType" : 8192
    }
  },
  "manualImportLinks" : [
    {
      "type" : 0,
      "position" : 0,
      "linkedFileAbbreviatedPath" : "\/assets\/js\/tooltipsy.min.js",
      "baseFileAbbreviatedPath" : "\/_assets\/js\/app.js",
      "followForSyntaxChecking" : 1
    }
  ],
  "projectSettings" : {
    "hamlNoEscapeInAttributes" : 0,
    "kitAutoOutputPathStyle" : 0,
    "lessOutputStyle" : 0,
    "hamlAutoOutputPathReplace2" : "",
    "draggedImportConcatenationStyle" : 1,
    "jadeAutoOutputPathStyle" : 0,
    "hamlEscapeHTMLCharacters" : 0,
    "javascriptAutoOutputPathStyle" : 2,
    "hamlOutputFormat" : 2,
    "stylusAutoOutputPathReplace1" : "stylus",
    "lessStrictImports" : 0,
    "sassAutoOutputPathStyle" : 2,
    "stylusAutoOutputPathReplace2" : "css",
    "lessAutoOutputPathStyle" : 2,
    "lessIECompatibility" : 1,
    "genericWebpageFileExtensionsString" : "html, htm, shtml, shtm, xhtml, php, jsp, asp, aspx, erb, ctp",
    "lessStrictUnits" : 0,
    "lessStrictMath" : 0,
    "coffeeMinifyOutput" : 1,
    "javascriptOutputSuffix" : ".min",
    "jadeOutputStyle" : 0,
    "coffeeAutoOutputPathStyle" : 0,
    "autoSyncProjectSettingsFile" : 1,
    "lessAutoOutputPathReplace1" : "less",
    "jadeAutoOutputPathReplace1" : "",
    "lessAutoOutputPathRelativePath" : "..\/css",
    "hamlAutoOutputPathRelativePath" : "",
    "jsCheckerReservedNamesString" : "",
    "javascriptOutputStyle" : 1,
    "stylusDebugStyle" : 0,
    "hamlUseCDATA" : 0,
    "hamlAutoOutputPathStyle" : 0,
    "sassDebugStyle" : 0,
    "hamlOutputStyle" : 0,
    "stylusAutoOutputPathRelativePath" : "..\/css",
    "jsCheckerIndent" : 2,
    "kitAutoOutputPathRelativePath" : "",
    "lessAutoOutputPathReplace2" : "css",
    "jadeAutoOutputPathReplace2" : "",
    "shouldRunBless" : 0,
    "stylusAutoOutputPathStyle" : 2,
    "coffeeCheckOutputStyle" : 0,
    "slimOutputStyle" : 1,
    "javascriptSyntaxCheckerStyle" : 1,
    "sassAutoOutputPathReplace1" : "sass",
    "slimAutoOutputPathReplace1" : "",
    "sassOutputStyle" : 0,
    "coffeeAutoOutputPathRelativePath" : "",
    "slimCompileOnly" : 0,
    "slimLogicless" : 0,
    "uglifyIndent" : 2,
    "jadeAutoOutputPathRelativePath" : "",
    "hamlUseUnixNewlines" : 0,
    "hamlAutoOutputPathReplace1" : "",
    "javascriptAutoOutputPathReplace1" : "",
    "stylusOutputStyle" : 0,
    "javascriptAutoOutputPathReplace2" : "",
    "sassAutoOutputPathRelativePath" : "..\/..\/assets\/css",
    "coffeeAutoOutputPathReplace1" : "",
    "hamlUseDoubleQuotes" : 0,
    "coffeeAutoOutputPathReplace2" : "",
    "kitAutoOutputPathReplace1" : "",
    "uglifyReservedNamesString" : "",
    "coffeeOutputStyle" : 0,
    "slimAutoOutputPathRelativePath" : "",
    "jsHintFlags" : {
      "latedef" : 1,
      "newcap" : 1,
      "curly" : 1,
      "trailing" : 1,
      "nonew" : 1,
      "es3" : 0,
      "yui" : 0,
      "mootools" : 0,
      "proto" : 0,
      "boss" : 0,
      "funcscope" : 0,
      "jquery" : 1,
      "esnext" : 0,
      "camelcase" : 0,
      "dojo" : 0,
      "strict" : 0,
      "devel" : 0,
      "wsh" : 0,
      "nonstandard" : 0,
      "asi" : 0,
      "moz" : 0,
      "rhino" : 0,
      "smarttabs" : 0,
      "lastsemic" : 0,
      "noempty" : 0,
      "eqnull" : 0,
      "eqeqeq" : 1,
      "couch" : 0,
      "evil" : 0,
      "expr" : 0,
      "immed" : 0,
      "globalstrict" : 0,
      "undef" : 1,
      "iterator" : 0,
      "prototypejs" : 0,
      "noarg" : 1,
      "supernew" : 0,
      "node" : 0,
      "unused" : 1,
      "debug" : 0,
      "bitwise" : 1,
      "white" : 0,
      "browser" : 1,
      "worker" : 0,
      "laxcomma" : 0,
      "multistr" : 0,
      "shadow" : 0,
      "sub" : 0,
      "plusplus" : 0,
      "scripturl" : 0,
      "forin" : 0,
      "loopfunc" : 0,
      "laxbreak" : 0
    },
    "jsLintFlags" : {
      "white" : 0,
      "unparam" : 0,
      "regexp" : 0,
      "nomen" : 0,
      "vars" : 0,
      "sub" : 0,
      "stupid" : 0,
      "continue" : 0,
      "bitwise" : 0,
      "newcap" : 0,
      "sloppy" : 0,
      "closure" : 0,
      "es5" : 0,
      "browser" : 1,
      "properties" : 0,
      "plusplus" : 0,
      "debug" : 0,
      "forin" : 0,
      "eqeq" : 0,
      "evil" : 0,
      "node" : 0,
      "rhino" : 0,
      "devel" : 0,
      "ass" : 0
    },
    "uglifyFlags" : {
      "no-mangle-functions" : 0,
      "no-mangle" : 0,
      "no-copyright" : 0,
      "no-dead-code" : 0,
      "inline-script" : 0,
      "ascii" : 0,
      "unsafe" : 0,
      "mangle-toplevel" : 0,
      "no-seqs" : 1,
      "beautify" : 0,
      "lift-vars" : 0,
      "consolidate-primitive-values" : 0,
      "no-squeeze" : 0
    },
    "sassAutoOutputPathReplace2" : "css",
    "slimAutoOutputPathReplace2" : "",
    "jadeCompileDebug" : 1,
    "slimRailsCompatible" : 0,
    "kitAutoOutputPathReplace2" : "",
    "lessRelativeURLS" : 0,
    "lessDebugStyle" : 0,
    "javascriptAutoOutputPathRelativePath" : "..\/..\/assets\/js",
    "slimAutoOutputPathStyle" : 0
  },
  "projectAttributes" : {
    "bourbonEnabled" : 1,
    "displayValue" : "Engage",
    "displayValueWasSetByUser" : 1,
    "compassEnabled" : 0
  }
}